/*Camioneros*/
INSERT INTO CAMIONEROS (DNI, NOMBRE, APELLIDO) VALUES (123456789, 'XABI', 'VACAS');
INSERT INTO CAMIONEROS (DNI, NOMBRE, APELLIDO) VALUES (987654321, 'JUAN', 'PEREZ');
INSERT INTO CAMIONEROS (DNI, NOMBRE, APELLIDO) VALUES (567890123, 'MARIA', 'LOPEZ');
INSERT INTO CAMIONEROS (DNI, NOMBRE, APELLIDO) VALUES (321098765, 'ANA', 'GARCIA');
INSERT INTO CAMIONEROS (DNI, NOMBRE, APELLIDO) VALUES (456789012, 'PEDRO', 'SANCHEZ');
INSERT INTO CAMIONEROS (DNI, NOMBRE, APELLIDO) VALUES (234567890, 'LAURA', 'MARTINEZ');
INSERT INTO CAMIONEROS (DNI, NOMBRE, APELLIDO) VALUES (789012345, 'CARLOS', 'GOMEZ');
INSERT INTO CAMIONEROS (DNI, NOMBRE, APELLIDO) VALUES (890123456, 'SOFIA', 'FERNANDEZ');
INSERT INTO CAMIONEROS (DNI, NOMBRE, APELLIDO) VALUES (654321098, 'PABLO', 'DIAZ');
INSERT INTO CAMIONEROS (DNI, NOMBRE, APELLIDO) VALUES (109876543, 'EVA', 'RODRIGUEZ');
INSERT INTO CAMIONEROS (DNI, NOMBRE, APELLIDO) VALUES (210987654, 'ANDREA', 'GUTIERREZ');
INSERT INTO CAMIONEROS (DNI, NOMBRE, APELLIDO) VALUES (345678901, 'DAVID', 'HERNANDEZ');
INSERT INTO CAMIONEROS (DNI, NOMBRE, APELLIDO) VALUES (876543210, 'ROSA', 'ALVAREZ');
INSERT INTO CAMIONEROS (DNI, NOMBRE, APELLIDO) VALUES (456123789, 'JORGE', 'ROBLES');
INSERT INTO CAMIONEROS (DNI, NOMBRE, APELLIDO) VALUES (321789456, 'ANA', 'RAMIREZ');
INSERT INTO CAMIONEROS (DNI, NOMBRE, APELLIDO) VALUES (789456123, 'MIGUEL', 'MARTIN');
INSERT INTO CAMIONEROS (DNI, NOMBRE, APELLIDO) VALUES (654321789, 'IRENE', 'SANTOS');
INSERT INTO CAMIONEROS (DNI, NOMBRE, APELLIDO) VALUES (987654123, 'JAVIER', 'GIL');
INSERT INTO CAMIONEROS (DNI, NOMBRE, APELLIDO) VALUES (321456789, 'PAULA', 'BLANCO');
INSERT INTO CAMIONEROS (DNI, NOMBRE, APELLIDO) VALUES (654789123, 'CAROLINA', 'CRUZ');
INSERT INTO CAMIONEROS (DNI, NOMBRE, APELLIDO) VALUES (789123456, 'ALBERTO', 'ORTIZ');
INSERT INTO CAMIONEROS (DNI, NOMBRE, APELLIDO) VALUES (987123456, 'RAFAEL', 'DOMINGUEZ');
INSERT INTO CAMIONEROS (DNI, NOMBRE, APELLIDO) VALUES (321987654, 'SONIA', 'SERRANO');
INSERT INTO CAMIONEROS (DNI, NOMBRE, APELLIDO) VALUES (789654321, 'ROBERTO', 'MARQUEZ');
INSERT INTO CAMIONEROS (DNI, NOMBRE, APELLIDO) VALUES (123987654, 'NURIA', 'CALVO');
INSERT INTO CAMIONEROS (DNI, NOMBRE, APELLIDO) VALUES (456789123, 'DIEGO', 'HERRERO');
INSERT INTO CAMIONEROS (DNI, NOMBRE, APELLIDO) VALUES (789654123, 'SARA', 'ORTIZ');
INSERT INTO CAMIONEROS (DNI, NOMBRE, APELLIDO) VALUES (123789654, 'LUIS', 'MOLINA');
INSERT INTO CAMIONEROS (DNI, NOMBRE, APELLIDO) VALUES (789654789, 'ELISA', 'FERRER');
INSERT INTO CAMIONEROS (DNI, NOMBRE, APELLIDO) VALUES (987456321, 'FERNANDO', 'DURAN');
INSERT INTO CAMIONEROS (DNI, NOMBRE, APELLIDO) VALUES (321456987, 'ANGEL', 'VAZQUEZ');
INSERT INTO CAMIONEROS (DNI, NOMBRE, APELLIDO) VALUES (654789321, 'MARINA', 'GALLEGO');
INSERT INTO CAMIONEROS (DNI, NOMBRE, APELLIDO) VALUES (321654789, 'MARIO', 'SOLER');
INSERT INTO CAMIONEROS (DNI, NOMBRE, APELLIDO) VALUES (789456321, 'SILVIA', 'MORALES');
INSERT INTO CAMIONEROS (DNI, NOMBRE, APELLIDO) VALUES (987654789, 'MONICA', 'ESTEBAN');
INSERT INTO CAMIONEROS (DNI, NOMBRE, APELLIDO) VALUES (456123987, 'CARLOS', 'RUIZ');
INSERT INTO CAMIONEROS (DNI, NOMBRE, APELLIDO) VALUES (987321456, 'ROCIO', 'GARCIA');
INSERT INTO CAMIONEROS (DNI, NOMBRE, APELLIDO) VALUES (456987123, 'ANA', 'TORRES');
INSERT INTO CAMIONEROS (DNI, NOMBRE, APELLIDO) VALUES (987123789, 'SERGIO', 'DELGADO');
INSERT INTO CAMIONEROS (DNI, NOMBRE, APELLIDO) VALUES (123456987, 'CRISTINA', 'SUAREZ');
INSERT INTO CAMIONEROS (DNI, NOMBRE, APELLIDO) VALUES (789654987, 'DAVID', 'NUÑEZ');
INSERT INTO CAMIONEROS (DNI, NOMBRE, APELLIDO) VALUES (987789654, 'IRENE', 'LOPEZ');
INSERT INTO CAMIONEROS (DNI, NOMBRE, APELLIDO) VALUES (654123789, 'JORGE', 'MARTINEZ');
INSERT INTO CAMIONEROS (DNI, NOMBRE, APELLIDO) VALUES (987789123, 'NATALIA', 'HERNANDEZ');

/*Camiones*/
INSERT INTO CAMIONES (MATRICULA, MARCA, MODELO) VALUES ('1111AAA', 'MAN', 'TGX');
INSERT INTO CAMIONES (MATRICULA, MARCA, MODELO) VALUES ('2222BBB', 'Volvo', 'FH');
INSERT INTO CAMIONES (MATRICULA, MARCA, MODELO) VALUES ('3333CCC', 'Mercedes-Benz', 'Actros');
INSERT INTO CAMIONES (MATRICULA, MARCA, MODELO) VALUES ('4444DDD', 'Scania', 'R-Series');
INSERT INTO CAMIONES (MATRICULA, MARCA, MODELO) VALUES ('5555EEE', 'DAF', 'XF');
INSERT INTO CAMIONES (MATRICULA, MARCA, MODELO) VALUES ('6666FFF', 'Renault', 'T');
INSERT INTO CAMIONES (MATRICULA, MARCA, MODELO) VALUES ('7777GGG', 'Iveco', 'Stralis');
INSERT INTO CAMIONES (MATRICULA, MARCA, MODELO) VALUES ('8888HHH', 'Kenworth', 'W900');
INSERT INTO CAMIONES (MATRICULA, MARCA, MODELO) VALUES ('9999III', 'Peterbilt', '389');
INSERT INTO CAMIONES (MATRICULA, MARCA, MODELO) VALUES ('1010JJJ', 'International', 'Lonestar');
INSERT INTO CAMIONES (MATRICULA, MARCA, MODELO) VALUES ('2020KKK', 'Freightliner', 'Cascadia');
INSERT INTO CAMIONES (MATRICULA, MARCA, MODELO) VALUES ('3030LLL', 'Mack', 'Anthem');
INSERT INTO CAMIONES (MATRICULA, MARCA, MODELO) VALUES ('4040MMM', 'Western Star', '5700');
INSERT INTO CAMIONES (MATRICULA, MARCA, MODELO) VALUES ('5050NNN', 'Volvo', 'VNL');
INSERT INTO CAMIONES (MATRICULA, MARCA, MODELO) VALUES ('6060OOO', 'Kenworth', 'T680');

/*Viajes*/
INSERT INTO VIAJES (ID, DESTINO, ORIGEN, FECHA) VALUES (1, 'Coslada', 'Miranda de Ebro', TO_DATE('1998/10/19', 'yyyy/mm/dd'));
INSERT INTO VIAJES (ID, DESTINO, ORIGEN, FECHA) VALUES (2, 'Alcalá de Henares', 'Barcelona', TO_DATE('1999/05/28', 'yyyy/mm/dd'));
INSERT INTO VIAJES (ID, DESTINO, ORIGEN, FECHA) VALUES (3, 'Valencia', 'Sevilla', TO_DATE('2000/02/15', 'yyyy/mm/dd'));
INSERT INTO VIAJES (ID, DESTINO, ORIGEN, FECHA) VALUES (4, 'Zaragoza', 'Madrid', TO_DATE('2001/08/03', 'yyyy/mm/dd'));
INSERT INTO VIAJES (ID, DESTINO, ORIGEN, FECHA) VALUES (5, 'Bilbao', 'Valencia', TO_DATE('2002/11/11', 'yyyy/mm/dd'));
INSERT INTO VIAJES (ID, DESTINO, ORIGEN, FECHA) VALUES (6, 'Salamanca', 'Toledo', TO_DATE('2003/04/27', 'yyyy/mm/dd'));
INSERT INTO VIAJES (ID, DESTINO, ORIGEN, FECHA) VALUES (7, 'Málaga', 'Granada', TO_DATE('2004/07/19', 'yyyy/mm/dd'));
INSERT INTO VIAJES (ID, DESTINO, ORIGEN, FECHA) VALUES (8, 'Santander', 'Burgos', TO_DATE('2005/09/05', 'yyyy/mm/dd'));
INSERT INTO VIAJES (ID, DESTINO, ORIGEN, FECHA) VALUES (9, 'Murcia', 'Cádiz', TO_DATE('2006/12/22', 'yyyy/mm/dd'));
INSERT INTO VIAJES (ID, DESTINO, ORIGEN, FECHA) VALUES (10, 'Pamplona', 'Logroño', TO_DATE('2007/03/14', 'yyyy/mm/dd'));
INSERT INTO VIAJES (ID, DESTINO, ORIGEN, FECHA) VALUES (11, 'Segovia', 'Ávila', TO_DATE('2008/06/30', 'yyyy/mm/dd'));
INSERT INTO VIAJES (ID, DESTINO, ORIGEN, FECHA) VALUES (12, 'Gijón', 'Oviedo', TO_DATE('2009/10/17', 'yyyy/mm/dd'));
INSERT INTO VIAJES (ID, DESTINO, ORIGEN, FECHA) VALUES (13, 'Cáceres', 'Badajoz', TO_DATE('2010/01/09', 'yyyy/mm/dd'));
INSERT INTO VIAJES (ID, DESTINO, ORIGEN, FECHA) VALUES (14, 'Cuenca', 'Guadalajara', TO_DATE('2011/04/01', 'yyyy/mm/dd'));
INSERT INTO VIAJES (ID, DESTINO, ORIGEN, FECHA) VALUES (15, 'Huelva', 'Jaén', TO_DATE('2012/08/15', 'yyyy/mm/dd'));

/*Clientes*/
INSERT INTO CLIENTES (DNI, NOMBRE, APELLIDO, DIRECCION) VALUES (123456789, 'CARLOTA', 'GONZALEZ', 'CALLE FALSA 123');
INSERT INTO CLIENTES (DNI, NOMBRE, APELLIDO, DIRECCION) VALUES (987654321, 'JUAN', 'PEREZ', 'AVENIDA PRINCIPAL 456');
INSERT INTO CLIENTES (DNI, NOMBRE, APELLIDO, DIRECCION) VALUES (456789123, 'MARIA', 'LOPEZ', 'CALLE REAL 789');
INSERT INTO CLIENTES (DNI, NOMBRE, APELLIDO, DIRECCION) VALUES (654321987, 'PEDRO', 'SANCHEZ', 'PLAZA MAYOR 10');
INSERT INTO CLIENTES (DNI, NOMBRE, APELLIDO, DIRECCION) VALUES (789123456, 'LAURA', 'MARTINEZ', 'PASEO DEL SOL 15');
INSERT INTO CLIENTES (DNI, NOMBRE, APELLIDO, DIRECCION) VALUES (321654987, 'CARLOS', 'GOMEZ', 'CALLE LUNA 30');
INSERT INTO CLIENTES (DNI, NOMBRE, APELLIDO, DIRECCION) VALUES (147258369, 'ANA', 'RODRIGUEZ', 'AVENIDA LIBERTAD 55');
INSERT INTO CLIENTES (DNI, NOMBRE, APELLIDO, DIRECCION) VALUES (963852741, 'DAVID', 'HERNANDEZ', 'CALLEJON OSCURO 8');
INSERT INTO CLIENTES (DNI, NOMBRE, APELLIDO, DIRECCION) VALUES (258369147, 'PAULA', 'BLANCO', 'PLAZA DEL MAR 22');
INSERT INTO CLIENTES (DNI, NOMBRE, APELLIDO, DIRECCION) VALUES (741852963, 'MIGUEL', 'MARTIN', 'CALLE NUEVA 33');
INSERT INTO CLIENTES (DNI, NOMBRE, APELLIDO, DIRECCION) VALUES (369147258, 'IRENE', 'SANCHEZ', 'AVENIDA PRIMAVERA 17');
INSERT INTO CLIENTES (DNI, NOMBRE, APELLIDO, DIRECCION) VALUES (852963741, 'JAVIER', 'LOPEZ', 'CALLEJON DE LOS SUSPIROS 9');
INSERT INTO CLIENTES (DNI, NOMBRE, APELLIDO, DIRECCION) VALUES (741258963, 'SARA', 'GONZALEZ', 'CALLE DEL PUENTE 25');
INSERT INTO CLIENTES (DNI, NOMBRE, APELLIDO, DIRECCION) VALUES (369852147, 'PABLO', 'FERNANDEZ', 'AVENIDA DEL ROSAL 7');
INSERT INTO CLIENTES (DNI, NOMBRE, APELLIDO, DIRECCION) VALUES (159753468, 'ALBA', 'MARTINEZ', 'PLAZA DE ESPAÑA 14');
INSERT INTO CLIENTES (DNI, NOMBRE, APELLIDO, DIRECCION) VALUES (753951846, 'JORGE', 'ALONSO', 'CALLE MAYOR 19');
INSERT INTO CLIENTES (DNI, NOMBRE, APELLIDO, DIRECCION) VALUES (357159284, 'ANA', 'PEREZ', 'PASEO DE LA VEGA 26');
INSERT INTO CLIENTES (DNI, NOMBRE, APELLIDO, DIRECCION) VALUES (159357486, 'MARIO', 'LOPEZ', 'AVENIDA DE LOS PINOS 28');
INSERT INTO CLIENTES (DNI, NOMBRE, APELLIDO, DIRECCION) VALUES (753159642, 'ELENA', 'GARCIA', 'PLAZA DEL AYUNTAMIENTO 32');
INSERT INTO CLIENTES (DNI, NOMBRE, APELLIDO, DIRECCION) VALUES (951753468, 'DAVID', 'SANCHEZ', 'CALLEJON DE LOS MUERTOS 36');
INSERT INTO CLIENTES (DNI, NOMBRE, APELLIDO, DIRECCION) VALUES (753951684, 'CARLA', 'RODRIGUEZ', 'AVENIDA DEL PARQUE 39');
INSERT INTO CLIENTES (DNI, NOMBRE, APELLIDO, DIRECCION) VALUES (369147358, 'SERGIO', 'MARTINEZ', 'CALLE DEL CARMEN 42');
INSERT INTO CLIENTES (DNI, NOMBRE, APELLIDO, DIRECCION) VALUES (987654322, 'LAURA', 'GONZALEZ', 'PLAZA DE LA CONSTITUCION 44');
INSERT INTO CLIENTES (DNI, NOMBRE, APELLIDO, DIRECCION) VALUES (951853468, 'ALBERTO', 'SANCHEZ', 'PASEO DEL RIO 48');
INSERT INTO CLIENTES (DNI, NOMBRE, APELLIDO, DIRECCION) VALUES (357159846, 'MARIA', 'RODRIGUEZ', 'AVENIDA DEL SOL 51');
INSERT INTO CLIENTES (DNI, NOMBRE, APELLIDO, DIRECCION) VALUES (159753486, 'JUAN', 'GARCIA', 'CALLE NUEVA 53');
INSERT INTO CLIENTES (DNI, NOMBRE, APELLIDO, DIRECCION) VALUES (951753684, 'ANDREA', 'LOPEZ', 'PLAZA DE LA VICTORIA 57');

/*Paquetes*/
INSERT INTO PAQUETES (ID, REMITENTE, DESTINATARIO, PESO,DIMENSIONES,VIAJE) VALUES (1, '123456789', '951753468', 1,'12*12',1);
INSERT INTO PAQUETES (ID, REMITENTE, DESTINATARIO, PESO,DIMENSIONES,VIAJE) VALUES (2, '951753468', '357159846', 1,'12*12',1);
INSERT INTO PAQUETES (ID, REMITENTE, DESTINATARIO, PESO,DIMENSIONES,VIAJE) VALUES (3, '123456789', '753159642', 1,'12*12',1);
INSERT INTO PAQUETES (ID, REMITENTE, DESTINATARIO, PESO,DIMENSIONES,VIAJE) VALUES (4, '741258963', '951753468', 1,'12*12',1);
INSERT INTO PAQUETES (ID, REMITENTE, DESTINATARIO, PESO,DIMENSIONES,VIAJE) VALUES (5, '741258963', '753159642', 1,'12*12',1);
INSERT INTO PAQUETES (ID, REMITENTE, DESTINATARIO, PESO,DIMENSIONES,VIAJE) VALUES (6, '321654987', '951753468', 1,'12*12',1);
INSERT INTO PAQUETES (ID, REMITENTE, DESTINATARIO, PESO,DIMENSIONES,VIAJE) VALUES (7, '123456789', '321654987', 1,'12*12',1);
INSERT INTO PAQUETES (ID, REMITENTE, DESTINATARIO, PESO,DIMENSIONES,VIAJE) VALUES (8, '321654987', '741258963', 1,'12*12',1);
INSERT INTO PAQUETES (ID, REMITENTE, DESTINATARIO, PESO,DIMENSIONES,VIAJE) VALUES (9, '321654987', '753159642', 1,'12*12',1);

/*VIAJE_CAMIONES_CAMIONEROS*/
INSERT INTO VIAJE_CAMIONES_CAMIONEROS (CAMIONERO, MATRICULA, VIAJE) VALUES (123456789, '1111AAA', 1);
INSERT INTO VIAJE_CAMIONES_CAMIONEROS (CAMIONERO, MATRICULA, VIAJE) VALUES (987654321, '2222BBB', 2);
INSERT INTO VIAJE_CAMIONES_CAMIONEROS (CAMIONERO, MATRICULA, VIAJE) VALUES (123456789, '3333CCC', 3);
INSERT INTO VIAJE_CAMIONES_CAMIONEROS (CAMIONERO, MATRICULA, VIAJE) VALUES (123456789, '2222BBB', 1);
INSERT INTO VIAJE_CAMIONES_CAMIONEROS (CAMIONERO, MATRICULA, VIAJE) VALUES (123456789, '2222BBB', 4);
INSERT INTO VIAJE_CAMIONES_CAMIONEROS (CAMIONERO, MATRICULA, VIAJE) VALUES (987654321, '1111AAA', 1);
INSERT INTO VIAJE_CAMIONES_CAMIONEROS (CAMIONERO, MATRICULA, VIAJE) VALUES (123456789, '1111AAA', 6);
