/*Camioneros*/
INSERT INTO CAMIONEROS (DNI, NOMBRE, APELLIDO) VALUES (123456789, 'XABI', 'VACAS');
INSERT INTO CAMIONEROS (DNI, NOMBRE, APELLIDO) VALUES (987654321, 'JUAN', 'PEREZ');
INSERT INTO CAMIONEROS (DNI, NOMBRE, APELLIDO) VALUES (567890123, 'MARIA', 'LOPEZ');
INSERT INTO CAMIONEROS (DNI, NOMBRE, APELLIDO) VALUES (321098765, 'ANA', 'GARCIA');
INSERT INTO CAMIONEROS (DNI, NOMBRE, APELLIDO) VALUES (456789012, 'PEDRO', 'SANCHEZ');
INSERT INTO CAMIONEROS (DNI, NOMBRE, APELLIDO) VALUES (234567890, 'LAURA', 'MARTINEZ');
INSERT INTO CAMIONEROS (DNI, NOMBRE, APELLIDO) VALUES (789012345, 'CARLOS', 'GOMEZ');
INSERT INTO CAMIONEROS (DNI, NOMBRE, APELLIDO) VALUES (890123456, 'SOFIA', 'FERNANDEZ');
INSERT INTO CAMIONEROS (DNI, NOMBRE, APELLIDO) VALUES (654321098, 'PABLO', 'DIAZ');
INSERT INTO CAMIONEROS (DNI, NOMBRE, APELLIDO) VALUES (109876543, 'EVA', 'RODRIGUEZ');
INSERT INTO CAMIONEROS (DNI, NOMBRE, APELLIDO) VALUES (210987654, 'ANDREA', 'GUTIERREZ');
INSERT INTO CAMIONEROS (DNI, NOMBRE, APELLIDO) VALUES (345678901, 'DAVID', 'HERNANDEZ');
INSERT INTO CAMIONEROS (DNI, NOMBRE, APELLIDO) VALUES (876543210, 'ROSA', 'ALVAREZ');
INSERT INTO CAMIONEROS (DNI, NOMBRE, APELLIDO) VALUES (456123789, 'JORGE', 'ROBLES');
INSERT INTO CAMIONEROS (DNI, NOMBRE, APELLIDO) VALUES (321789456, 'ANA', 'RAMIREZ');
INSERT INTO CAMIONEROS (DNI, NOMBRE, APELLIDO) VALUES (789456123, 'MIGUEL', 'MARTIN');
INSERT INTO CAMIONEROS (DNI, NOMBRE, APELLIDO) VALUES (654321789, 'IRENE', 'SANTOS');
INSERT INTO CAMIONEROS (DNI, NOMBRE, APELLIDO) VALUES (987654123, 'JAVIER', 'GIL');
INSERT INTO CAMIONEROS (DNI, NOMBRE, APELLIDO) VALUES (321456789, 'PAULA', 'BLANCO');
INSERT INTO CAMIONEROS (DNI, NOMBRE, APELLIDO) VALUES (654789123, 'CAROLINA', 'CRUZ');
INSERT INTO CAMIONEROS (DNI, NOMBRE, APELLIDO) VALUES (789123456, 'ALBERTO', 'ORTIZ');
INSERT INTO CAMIONEROS (DNI, NOMBRE, APELLIDO) VALUES (987123456, 'RAFAEL', 'DOMINGUEZ');
INSERT INTO CAMIONEROS (DNI, NOMBRE, APELLIDO) VALUES (321987654, 'SONIA', 'SERRANO');
INSERT INTO CAMIONEROS (DNI, NOMBRE, APELLIDO) VALUES (789654321, 'ROBERTO', 'MARQUEZ');
INSERT INTO CAMIONEROS (DNI, NOMBRE, APELLIDO) VALUES (123987654, 'NURIA', 'CALVO');
INSERT INTO CAMIONEROS (DNI, NOMBRE, APELLIDO) VALUES (456789123, 'DIEGO', 'HERRERO');
INSERT INTO CAMIONEROS (DNI, NOMBRE, APELLIDO) VALUES (789654123, 'SARA', 'ORTIZ');
INSERT INTO CAMIONEROS (DNI, NOMBRE, APELLIDO) VALUES (123789654, 'LUIS', 'MOLINA');
INSERT INTO CAMIONEROS (DNI, NOMBRE, APELLIDO) VALUES (789654789, 'ELISA', 'FERRER');
INSERT INTO CAMIONEROS (DNI, NOMBRE, APELLIDO) VALUES (987456321, 'FERNANDO', 'DURAN');
INSERT INTO CAMIONEROS (DNI, NOMBRE, APELLIDO) VALUES (321456987, 'ANGEL', 'VAZQUEZ');
INSERT INTO CAMIONEROS (DNI, NOMBRE, APELLIDO) VALUES (654789321, 'MARINA', 'GALLEGO');
INSERT INTO CAMIONEROS (DNI, NOMBRE, APELLIDO) VALUES (321654789, 'MARIO', 'SOLER');
INSERT INTO CAMIONEROS (DNI, NOMBRE, APELLIDO) VALUES (789456321, 'SILVIA', 'MORALES');
INSERT INTO CAMIONEROS (DNI, NOMBRE, APELLIDO) VALUES (987654789, 'MONICA', 'ESTEBAN');
INSERT INTO CAMIONEROS (DNI, NOMBRE, APELLIDO) VALUES (456123987, 'CARLOS', 'RUIZ');
INSERT INTO CAMIONEROS (DNI, NOMBRE, APELLIDO) VALUES (987321456, 'ROCIO', 'GARCIA');
INSERT INTO CAMIONEROS (DNI, NOMBRE, APELLIDO) VALUES (456987123, 'ANA', 'TORRES');
INSERT INTO CAMIONEROS (DNI, NOMBRE, APELLIDO) VALUES (987123789, 'SERGIO', 'DELGADO');
INSERT INTO CAMIONEROS (DNI, NOMBRE, APELLIDO) VALUES (123456987, 'CRISTINA', 'SUAREZ');
INSERT INTO CAMIONEROS (DNI, NOMBRE, APELLIDO) VALUES (789654987, 'DAVID', 'NUÑEZ');
INSERT INTO CAMIONEROS (DNI, NOMBRE, APELLIDO) VALUES (987789654, 'IRENE', 'LOPEZ');
INSERT INTO CAMIONEROS (DNI, NOMBRE, APELLIDO) VALUES (654123789, 'JORGE', 'MARTINEZ');
INSERT INTO CAMIONEROS (DNI, NOMBRE, APELLIDO) VALUES (987789123, 'NATALIA', 'HERNANDEZ');

/*Camiones*/
INSERT INTO CAMIONES (MATRICULA, MARCA, MODELO) VALUES ('1111AAA', 'MAN', 'TGX');
INSERT INTO CAMIONES (MATRICULA, MARCA, MODELO) VALUES ('2222BBB', 'Volvo', 'FH');
INSERT INTO CAMIONES (MATRICULA, MARCA, MODELO) VALUES ('3333CCC', 'Mercedes-Benz', 'Actros');
INSERT INTO CAMIONES (MATRICULA, MARCA, MODELO) VALUES ('4444DDD', 'Scania', 'R-Series');
INSERT INTO CAMIONES (MATRICULA, MARCA, MODELO) VALUES ('5555EEE', 'DAF', 'XF');
INSERT INTO CAMIONES (MATRICULA, MARCA, MODELO) VALUES ('6666FFF', 'Renault', 'T');
INSERT INTO CAMIONES (MATRICULA, MARCA, MODELO) VALUES ('7777GGG', 'Iveco', 'Stralis');
INSERT INTO CAMIONES (MATRICULA, MARCA, MODELO) VALUES ('8888HHH', 'Kenworth', 'W900');
INSERT INTO CAMIONES (MATRICULA, MARCA, MODELO) VALUES ('9999III', 'Peterbilt', '389');
INSERT INTO CAMIONES (MATRICULA, MARCA, MODELO) VALUES ('1010JJJ', 'International', 'Lonestar');
INSERT INTO CAMIONES (MATRICULA, MARCA, MODELO) VALUES ('2020KKK', 'Freightliner', 'Cascadia');
INSERT INTO CAMIONES (MATRICULA, MARCA, MODELO) VALUES ('3030LLL', 'Mack', 'Anthem');
INSERT INTO CAMIONES (MATRICULA, MARCA, MODELO) VALUES ('4040MMM', 'Western Star', '5700');
INSERT INTO CAMIONES (MATRICULA, MARCA, MODELO) VALUES ('5050NNN', 'Volvo', 'VNL');
INSERT INTO CAMIONES (MATRICULA, MARCA, MODELO) VALUES ('6060OOO', 'Kenworth', 'T680');

/*Viajes*/
INSERT INTO VIAJES (DESTINO, ORIGEN, FECHA) VALUES ('Coslada', 'Miranda de Ebro', STR_TO_DATE('1998/10/19', '%Y/%m/%d'));
INSERT INTO VIAJES (DESTINO, ORIGEN, FECHA) VALUES ('Alcalá de Henares', 'Barcelona', STR_TO_DATE('1999/05/28', '%Y/%m/%d'));
INSERT INTO VIAJES (DESTINO, ORIGEN, FECHA) VALUES ('Valencia', 'Sevilla', STR_TO_DATE('2000/02/15', '%Y/%m/%d'));
INSERT INTO VIAJES (DESTINO, ORIGEN, FECHA) VALUES ('Zaragoza', 'Madrid', STR_TO_DATE('2001/08/03', '%Y/%m/%d'));
INSERT INTO VIAJES (DESTINO, ORIGEN, FECHA) VALUES ('Bilbao', 'Valencia', STR_TO_DATE('2002/11/11', '%Y/%m/%d'));
INSERT INTO VIAJES (DESTINO, ORIGEN, FECHA) VALUES ('Salamanca', 'Toledo', STR_TO_DATE('2003/04/27', '%Y/%m/%d'));
INSERT INTO VIAJES (DESTINO, ORIGEN, FECHA) VALUES ('Málaga', 'Granada', STR_TO_DATE('2004/07/19', '%Y/%m/%d'));
INSERT INTO VIAJES (DESTINO, ORIGEN, FECHA) VALUES ('Santander', 'Burgos', STR_TO_DATE('2005/09/05', '%Y/%m/%d'));
INSERT INTO VIAJES (DESTINO, ORIGEN, FECHA) VALUES ('Murcia', 'Cádiz', STR_TO_DATE('2006/12/22', '%Y/%m/%d'));
INSERT INTO VIAJES (DESTINO, ORIGEN, FECHA) VALUES ('Pamplona', 'Logroño', STR_TO_DATE('2007/03/14', '%Y/%m/%d'));
INSERT INTO VIAJES (DESTINO, ORIGEN, FECHA) VALUES ('Segovia', 'Ávila', STR_TO_DATE('2008/06/30', '%Y/%m/%d'));
INSERT INTO VIAJES (DESTINO, ORIGEN, FECHA) VALUES ('Gijón', 'Oviedo', STR_TO_DATE('2009/10/17', '%Y/%m/%d'));
INSERT INTO VIAJES (DESTINO, ORIGEN, FECHA) VALUES ('Cáceres', 'Badajoz', STR_TO_DATE('2010/01/09', '%Y/%m/%d'));
INSERT INTO VIAJES (DESTINO, ORIGEN, FECHA) VALUES ('Cuenca', 'Guadalajara', STR_TO_DATE('2011/04/01', '%Y/%m/%d'));
INSERT INTO VIAJES (DESTINO, ORIGEN, FECHA) VALUES ('Huelva', 'Jaén', STR_TO_DATE('2012/08/15', '%Y/%m/%d'));


/*

/*Clientes
INSERT INTO CLIENTES (CIF, NOMBRE, DIRECCION) VALUES ('12345677A', 'Zapateri Euskaldu S.A', 'Kale Faltsua 123');
INSERT INTO CLIENTES (CIF, NOMBRE, DIRECCION) VALUES ('23456788B', 'Liburu Denda Geroa S.A', 'Herriko Plaza 1');
INSERT INTO CLIENTES (CIF, NOMBRE, DIRECCION) VALUES ('34567899C', 'Kafetegia Berriak S.A', 'Goienkale 2');
INSERT INTO CLIENTES (CIF, NOMBRE, DIRECCION) VALUES ('45678900D', 'Farmazi Eguzki S.A', 'Barria Kalea 3');
INSERT INTO CLIENTES (CIF, NOMBRE, DIRECCION) VALUES ('56789011E', 'Elektronika Teknika S.A', 'Baserria Bidea 4');
INSERT INTO CLIENTES (CIF, NOMBRE, DIRECCION) VALUES ('67890122F', 'Bakezale Aurrekoa S.A', 'Erreka Pasealekua 5');
INSERT INTO CLIENTES (CIF, NOMBRE, DIRECCION) VALUES ('78901233G', 'Ikasgelak Ikas S.A', 'Udalerri Aldea 6');
INSERT INTO CLIENTES (CIF, NOMBRE, DIRECCION) VALUES ('89012344H', 'Mekanika Lantegia S.A', 'Kale Zaharra 7');
INSERT INTO CLIENTES (CIF, NOMBRE, DIRECCION) VALUES ('90123455I', 'Diseinu Estudio Ideiak S.A', 'Etxebeste Plaza 8');
INSERT INTO CLIENTES (CIF, NOMBRE, DIRECCION) VALUES ('01234566J', 'Bidaia Agentzia Bidaiak S.A', 'Mendiguren Kalea 9');
-- Y así sucesivamente...


Caarga
INSERT INTO CARGAS (ID, PESO, DIMENSIONES, VIAJE,TIPO) VALUES (1, 1, '12*12', 1,'YAMAHA XVS DRAGSTAR 650 DEL 04');


VIAJE_CAMIONES_CAMIONEROS
INSERT INTO VIAJE_CAMIONES_CAMIONEROS (CAMIONERO, MATRICULA, VIAJE) VALUES (123456789, '1111AAA', 1);
INSERT INTO VIAJE_CAMIONES_CAMIONEROS (CAMIONERO, MATRICULA, VIAJE) VALUES (987654321, '2222BBB', 2);
INSERT INTO VIAJE_CAMIONES_CAMIONEROS (CAMIONERO, MATRICULA, VIAJE) VALUES (123456789, '3333CCC', 3);
INSERT INTO VIAJE_CAMIONES_CAMIONEROS (CAMIONERO, MATRICULA, VIAJE) VALUES (123456789, '2222BBB', 1);
INSERT INTO VIAJE_CAMIONES_CAMIONEROS (CAMIONERO, MATRICULA, VIAJE) VALUES (123456789, '2222BBB', 4);
INSERT INTO VIAJE_CAMIONES_CAMIONEROS (CAMIONERO, MATRICULA, VIAJE) VALUES (987654321, '1111AAA', 1);
INSERT INTO VIAJE_CAMIONES_CAMIONEROS (CAMIONERO, MATRICULA, VIAJE) VALUES (123456789, '1111AAA', 6);

INSERT INTO USUARIOS (NOMBRE,CONTRASENIA,TIPO) VALUES ('ADMIN','ADMIN','ADMIN');
INSERT INTO USUARIOS (NOMBRE,CONTRASENIA,TIPO) VALUES ('Andoni','Andoni','CLIENTE');
*/









